Word,Frequency
the,157
of,116
and,101
to,84
our,50
a,41
in,38
we,32
that,25
is,24
for,22
power,19
it,19
i,18
be,16
america,16
as,16
but,15
people,15
all,13
from,13
us,12
american,11
are,11
this,10
nation,10
know,10
their,9
world,9
must,8
an,8
who,8
fair,8
than,7
not,7
up,7
have,7
ever,7
so,7
was,7
president,7
more,7
can,6
she,6
after,6
new,6
me,6
time,6
administration,6
statue,6
idea,6
americans,5
together,5
rights,5
now,5
most,5
free,5
has,5
about,5
on,5
been,5
like,5
how,5
he,5
need,5
make,4
back,4
will,4
members,4
abuse,4
oval,4
with,4
stand,4
service,4
entire,4
just,4
see,4
congress,4
one,4
office,4
protect,4
families,4
much,4
life,4
great,4
forces,4
lead,4
shot,4
workers,4
jobs,4
ai,4
love,4
around,3
keep,3
term,3
across,3
children,3
dreams,3
soul,3
torch,3
far,3
want,3
other,3
possible,3
honor,3
built,3
press,3
even,3
should,3
never,3
freedoms,3
could,3
through,3
powerful,3
into,3
giving,3
because,3
get,3
share,3
example,3
wealth,3
words,3
first,3
or,3
incoming,3
what,3
no,3
out,3
millions,3
believe,3
address,3
institutions,3
single,3
times,3
creating,3
potential,3
dangerous,3
concentration,3
future,3
ahead,3
dangers,3
before,3
quote,3
climate,3
limit,3
at,3
told,3
test,2
done,2
care,2
rules,2
standing,2
which,2
artificial,2
whether,2
doing,2
industries,2
steps,2
take,2
beam,2
rise,2
between,2
law,2
farewell,2
deal,2
constitution,2
decades,2
kamala,2
million,2
four,2
thank,2
hold,2
still,2
crisis,2
also,2
vice,2
ago,2
ancestors,2
courts,2
well,2
govern,2
few,2
desk,2
do,2
painting,2
succeed,2
timeless,2
public,2
unchecked,2
while,2
consequences,2
withstand,2
same,2
being,2
defined,2
feel,2
those,2
came,2
god,2
social,2
clear,2
land,2
rooted,2
serve,2
bringing,2
responders,2
had,2
constant,2
clean,2
tax,2
forth,2
too,2
give,2
significant,2
created,2
team,2
50,2
forward,2
influence,2
end,2
concern,2
profit,2
where,2
there,2
seen,2
complex,2
begin,2
ensure,2
freedom,2
help,2
come,2
safe,2
tonight,2
intelligence,2
important,2
partner,2
essential,2
good,2
working,2
were,2
behind,2
then,2
let,2
work,2
possibilities,2
these,2
hostage,1
proven,1
commitment,1
stone,1
stillher,1
maintained,1
risks,1
stands,1
chief,1
amber,1
son,1
enabling,1
earn,1
businesses,1
laid,1
perfect,1
independent,1
whose,1
eternal,1
pull,1
misplaced,1
existential,1
taxes,1
final,1
them,1
magic,1
sure,1
disinformation,1
israel,1
foot,1
erodes,1
toxic,1
eight,1
incredible,1
commander,1
court,1
sacred,1
barons,1
character,1
once,1
innovation,1
heroism,1
doers,1
overseas,1
silent,1
delaware,1
place,1
modest,1
immigrants,1
long,1
strongest,1
economic,1
center,1
pioneers,1
means,1
gift,1
health,1
speaks,1
job,1
pushing,1
call,1
states,1
causes,1
ethics,1
signed,1
proud,1
middle,1
competition,1
little,1
polish,1
shaped,1
continue,1
background,1
informed,1
thanks,1
distance,1
guarantee,1
profound,1
low,1
both,1
respecting,1
materials,1
negotiated,1
last,1
development,1
answer,1
become,1
nothing,1
crime,1
california,1
source,1
obligation,1
path,1
withstood,1
contributions,1
advocates,1
reach,1
reminds,1
stutter,1
pulled,1
storms,1
imposed,1
inherited,1
outstretched,1
residence,1
longer,1
war,1
determination,1
lot,1
meeting,1
holds,1
struggle,1
defend,1
push,1
fairness,1
peril,1
flame,1
exposed,1
bridges,1
confront,1
punish,1
supreme,1
civil,1
grow,1
using,1
hamas,1
crimes,1
needed,1
months,1
chip,1
human,1
hard,1
media,1
medical,1
offers,1
force,1
look,1
chain,1
companies,1
lies,1
values,1
accountable,1
launched,1
such,1
funding,1
engineering,1
uphold,1
under,1
veterans,1
endure,1
enduring,1
installed,1
hope,1
making,1
seeks,1
unless,1
grandchildren,1
carolina,1
threat,1
atop,1
transition,1
impact,1
apart,1
distrust,1
full,1
stating,1
becomes,1
threats,1
hiring,1
division,1
speak,1
justice,1
transform,1
inches,1
historic,1
sense,1
politics,1
largest,1
another,1
hands,1
change,1
own,1
entitled,1
age,1
again,1
plan,1
stake,1
doubt,1
toughest,1
real,1
turn,1
treated,1
strong,1
marvel,1
commits,1
short,1
250,1
appreciation,1
disillusioning,1
getting,1
falls,1
things,1
clearer,1
violent,1
person,1
engineers,1
lower,1
hidden,1
moved,1
building,1
march,1
benefits,1
truths,1
leaders,1
crumbling,1
purpose,1
elements,1
resilience,1
class,1
helped,1
equal,1
news,1
moves,1
detail,1
arm,1
sacrificing,1
extreme,1
products,1
pass,1
scranton,1
past,1
beginnings,1
finger,1
internet,1
language,1
smothered,1
earlier,1
spawn,1
biggest,1
true,1
bring,1
lifea,1
planted,1
unparalleled,1
immune,1
keeper,1
strengthened,1
gratitude,1
ban,1
concerned,1
something,1
invented,1
humankind,1
else,1
dreamers,1
disastrous,1
guard,1
cuts,1
leadership,1
avalanche,1
believing,1
believed,1
absolute,1
kept,1
current,1
if,1
makes,1
ongoing,1
losing,1
course,1
over,1
participating,1
enact,1
keeping,1
steelworkers,1
spoke,1
closer,1
lifes,1
left,1
wish,1
reflect,1
1,1
exercise,1
passing,1
accomplished,1
model,1
build,1
separation,1
beacon,1
reform,1
better,1
speaking,1
some,1
developed,1
robber,1
powers,1
climbing,1
17,1
harbor,1
platforms,1
prosperous,1
meanwhile,1
waste,1
bondage,1
light,1
warned,1
position,1
ironworker,1
bold,1
nonstop,1
rest,1
prescription,1
eliminate,1
belong,1
masons,1
faith,1
her,1
choose,1
able,1
billionaires,1
right,1
era,1
seeds,1
drug,1
pose,1
strengths,1
highest,1
sitting,1
common,1
buried,1
trusts,1
peaceful,1
bloom,1
pandemic,1
tough,1
deserve,1
safeguards,1
eisenhower,1
got,1
am,1
immigrant,1
universal,1
climb,1
entrepreneurs,1
cancer,1
checks,1
busted,1
china,1
matter,1
panes,1
implemented,1
house,1
declaration,1
echo,1
his,1
institution,1
medicare,1
bless,1
protecting,1
storm,1
greatest,1
white,1
reforms,1
warn,1
nato,1
engaged,1
prices,1
consequential,1
education,1
water,1
weather,1
shape,1
tackle,1
six,1
ukraine,1
success,1
won,1
threatens,1
roads,1
amend,1
made,1
fellow,1
known,1
upstairs,1
united,1
troops,1
home,1
tip,1
infrastructure,1
basic,1
taken,1
30,1
bullied,1
walked,1
doug,1
stood,1
process,1
ceasefire,1
dealt,1
going,1
think,1
kid,1
danger,1
north,1
reached,1
deepest,1
close,1
misinformation,1
held,1
taking,1
thinking,1
veteran,1
exhausting,1
negotiation,1
later,1
instead,1
seniors,1
periods,1
big,1
debates,1
trading,1
france,1
lose,1
affordable,1
show,1
lives,1
word,1
several,1
frustrating,1
environment,1
talent,1
broken,1
put,1
upheld,1
harris,1
felt,1
coming,1
thousands,1
interest,1
joined,1
holding,1
tried,1
experiment,1
stepping,1
truth,1
tested,1
gun,1
balances,1
negotiate,1
courage,1
native,1
said,1
editors,1
stock,1
factories,1
wield,1
dark,1
faster,1
structure,1
disappearing,1
explorers,1
growing,1
